{
  "rc": 0,
  "rt": 4,
  "svr": 177542536,
  "lt": 2,
  "full": 1,
  "dlmkts": "8,10,128",
  "dsc": "0",
  "data": {
    "f57": "510300",
    "f58": "沪深300ETF华泰柏瑞",
    "f84": 21716587776.0,
    "f85": 21716587776.0,
    "f116": 100982133158.40001,
    "f117": 100982133158.40001,
    "f124": 0.0,
    "f297": "-"
  }
}
